Image Name,Label,Probability
test_099.jpg,No_DR,86.07892990112305
test_096.jpg,No_DR,78.11703681945801
test_039.jpg,No_DR,66.86397194862366
