Image Name,Label,Probability
test_231.jpg,DR,79.9855649471283
test_195.jpg,DR,77.47902870178223
test_188.jpg,DR,75.51612854003906
test_160.jpg,DR,74.33648705482483
test_129.jpg,DR,71.45434617996216
test_191.jpg,DR,55.48714995384216
test_205.jpg,DR,54.04261350631714
test_130.jpg,DR,53.43063473701477
test_202.jpg,DR,52.984046936035156
test_200.jpg,DR,52.962034940719604
