Image Name,Label,Probability
test_096.jpg,No_DR,71.20670080184937
test_079.jpg,No_DR,69.90383267402649
test_099.jpg,No_DR,65.56047201156616
test_080.jpg,No_DR,65.41901230812073
test_015.jpg,No_DR,59.561699628829956
test_039.jpg,No_DR,59.54715609550476
test_087.jpg,No_DR,59.53018665313721
test_004.jpg,No_DR,57.974773645401
test_074.jpg,No_DR,52.97500491142273
